"category"	"source"	"destination"	"size_bytes"
"data_processed"	"D:\PBMC交接\PBMC_sqluo\PBMC_paper_package\PBMC\data_processed\fig1\fig1b_rpkm_values.csv"	"D:\PBMC交接\PBMC_sqluo\PBMC_paper_package\PBMC\data_processed\fig1\fig1b_rpkm_values.csv"	"2028509"
"data_processed"	"D:\PBMC交接\PBMC_sqluo\PBMC_paper_package\PBMC\data_processed\fig1\fig1c_PBMC_rpkm_diff.csv"	"D:\PBMC交接\PBMC_sqluo\PBMC_paper_package\PBMC\data_processed\fig1\fig1c_PBMC_rpkm_diff.csv"	"1720959"
"data_processed"	"D:\PBMC交接\PBMC_sqluo\PBMC_paper_package\PBMC\data_processed\fig1\fig1c_rpkm_values.csv"	"D:\PBMC交接\PBMC_sqluo\PBMC_paper_package\PBMC\data_processed\fig1\fig1c_rpkm_values.csv"	"2028509"
"data_processed"	"D:\PBMC交接\PBMC_sqluo\PBMC_paper_package\PBMC\data_processed\fig1\fig1d_GO_clusters.xlsx"	"D:\PBMC交接\PBMC_sqluo\PBMC_paper_package\PBMC\data_processed\fig1\fig1d_GO_clusters.xlsx"	"16897"
"data_processed"	"D:\PBMC交接\PBMC_sqluo\PBMC_paper_package\PBMC\data_processed\fig1\fig1e_representative_cluster_genes.xlsx"	"D:\PBMC交接\PBMC_sqluo\PBMC_paper_package\PBMC\data_processed\fig1\fig1e_representative_cluster_genes.xlsx"	"19797"
"data_processed"	"D:\PBMC交接\PBMC_sqluo\PBMC_paper_package\PBMC\data_processed\fig1\fig1f_aovRNA_rpkm_cluster.xlsx"	"D:\PBMC交接\PBMC_sqluo\PBMC_paper_package\PBMC\data_processed\fig1\fig1f_aovRNA_rpkm_cluster.xlsx"	"45712"
"data_processed"	"D:\PBMC交接\PBMC_sqluo\PBMC_paper_package\PBMC\data_processed\fig1\readme.txt"	"D:\PBMC交接\PBMC_sqluo\PBMC_paper_package\PBMC\data_processed\fig1\readme.txt"	"166"
"data_processed"	"D:\PBMC交接\PBMC_sqluo\PBMC_paper_package\PBMC\data_processed\fig1\RNAseq数据前处理\combat_PBMC_readcounts.csv"	"D:\PBMC交接\PBMC_sqluo\PBMC_paper_package\PBMC\data_processed\fig1\RNAseq数据前处理\combat_PBMC_readcounts.csv"	"1632810"
"data_processed"	"D:\PBMC交接\PBMC_sqluo\PBMC_paper_package\PBMC\data_processed\fig1\RNAseq数据前处理\correlation_readcounts_PBMC.csv"	"D:\PBMC交接\PBMC_sqluo\PBMC_paper_package\PBMC\data_processed\fig1\RNAseq数据前处理\correlation_readcounts_PBMC.csv"	"1592546"
"data_processed"	"D:\PBMC交接\PBMC_sqluo\PBMC_paper_package\PBMC\data_processed\fig1\RNAseq数据前处理\differential_expression_results_HvsW.xlsx"	"D:\PBMC交接\PBMC_sqluo\PBMC_paper_package\PBMC\data_processed\fig1\RNAseq数据前处理\differential_expression_results_HvsW.xlsx"	"2258557"
"data_processed"	"D:\PBMC交接\PBMC_sqluo\PBMC_paper_package\PBMC\data_processed\fig1\RNAseq数据前处理\total_cluster.xlsx"	"D:\PBMC交接\PBMC_sqluo\PBMC_paper_package\PBMC\data_processed\fig1\RNAseq数据前处理\total_cluster.xlsx"	"20015"
"data_processed"	"D:\PBMC交接\PBMC_sqluo\PBMC_paper_package\PBMC\data_processed\fig2\CCL25\CDS_ENSSSCG00000013593_coverage_avg.csv"	"D:\PBMC交接\PBMC_sqluo\PBMC_paper_package\PBMC\data_processed\fig2\CCL25\CDS_ENSSSCG00000013593_coverage_avg.csv"	"16721"
"data_processed"	"D:\PBMC交接\PBMC_sqluo\PBMC_paper_package\PBMC\data_processed\fig2\CCL25\CSV_H6_W6\CDS_ENSSSCG00000013593_coverage.csv"	"D:\PBMC交接\PBMC_sqluo\PBMC_paper_package\PBMC\data_processed\fig2\CCL25\CSV_H6_W6\CDS_ENSSSCG00000013593_coverage.csv"	"15555"
"data_processed"	"D:\PBMC交接\PBMC_sqluo\PBMC_paper_package\PBMC\data_processed\fig2\CCL25\CSV_H6_W6\CDS_ENSSSCG00000013593_normalized_coverage.csv"	"D:\PBMC交接\PBMC_sqluo\PBMC_paper_package\PBMC\data_processed\fig2\CCL25\CSV_H6_W6\CDS_ENSSSCG00000013593_normalized_coverage.csv"	"15555"
"data_processed"	"D:\PBMC交接\PBMC_sqluo\PBMC_paper_package\PBMC\data_processed\fig2\CCL25\CSV_H6_W6\CDS_ENSSSCG00000013593_stats.csv"	"D:\PBMC交接\PBMC_sqluo\PBMC_paper_package\PBMC\data_processed\fig2\CCL25\CSV_H6_W6\CDS_ENSSSCG00000013593_stats.csv"	"540"
"data_processed"	"D:\PBMC交接\PBMC_sqluo\PBMC_paper_package\PBMC\data_processed\fig2\CCL25\CSV_H6_W6\CDS_ENSSSCG00000013593_summary.txt"	"D:\PBMC交接\PBMC_sqluo\PBMC_paper_package\PBMC\data_processed\fig2\CCL25\CSV_H6_W6\CDS_ENSSSCG00000013593_summary.txt"	"2395"
"data_processed"	"D:\PBMC交接\PBMC_sqluo\PBMC_paper_package\PBMC\data_processed\fig2\CCL25\CSV_H6_W6\CDS_plot"	"D:\PBMC交接\PBMC_sqluo\PBMC_paper_package\PBMC\data_processed\fig2\CCL25\CSV_H6_W6\CDS_plot"	"21846"
"data_processed"	"D:\PBMC交接\PBMC_sqluo\PBMC_paper_package\PBMC\data_processed\fig2\CCL25\CSV_H7_W10\CDS_ENSSSCG00000013593_coverage.csv"	"D:\PBMC交接\PBMC_sqluo\PBMC_paper_package\PBMC\data_processed\fig2\CCL25\CSV_H7_W10\CDS_ENSSSCG00000013593_coverage.csv"	"15555"
"data_processed"	"D:\PBMC交接\PBMC_sqluo\PBMC_paper_package\PBMC\data_processed\fig2\CCL25\CSV_H7_W10\CDS_ENSSSCG00000013593_normalized_coverage.csv"	"D:\PBMC交接\PBMC_sqluo\PBMC_paper_package\PBMC\data_processed\fig2\CCL25\CSV_H7_W10\CDS_ENSSSCG00000013593_normalized_coverage.csv"	"17927"
"data_processed"	"D:\PBMC交接\PBMC_sqluo\PBMC_paper_package\PBMC\data_processed\fig2\CCL25\CSV_H7_W10\CDS_ENSSSCG00000013593_stats.csv"	"D:\PBMC交接\PBMC_sqluo\PBMC_paper_package\PBMC\data_processed\fig2\CCL25\CSV_H7_W10\CDS_ENSSSCG00000013593_stats.csv"	"573"
"data_processed"	"D:\PBMC交接\PBMC_sqluo\PBMC_paper_package\PBMC\data_processed\fig2\CCL25\CSV_H7_W10\CDS_ENSSSCG00000013593_summary.txt"	"D:\PBMC交接\PBMC_sqluo\PBMC_paper_package\PBMC\data_processed\fig2\CCL25\CSV_H7_W10\CDS_ENSSSCG00000013593_summary.txt"	"2395"
"data_processed"	"D:\PBMC交接\PBMC_sqluo\PBMC_paper_package\PBMC\data_processed\fig2\CCL25\CSV_H7_W10\CDS_plot"	"D:\PBMC交接\PBMC_sqluo\PBMC_paper_package\PBMC\data_processed\fig2\CCL25\CSV_H7_W10\CDS_plot"	"23522"
"data_processed"	"D:\PBMC交接\PBMC_sqluo\PBMC_paper_package\PBMC\data_processed\fig2\CD82\CDS_ENSSSCG00000029521_coverage_avg.csv"	"D:\PBMC交接\PBMC_sqluo\PBMC_paper_package\PBMC\data_processed\fig2\CD82\CDS_ENSSSCG00000029521_coverage_avg.csv"	"38036"
"data_processed"	"D:\PBMC交接\PBMC_sqluo\PBMC_paper_package\PBMC\data_processed\fig2\CD82\CSV_H6_W6\CDS_coverage_ENSSSCG00000029521_20251005_182441_coverage.csv"	"D:\PBMC交接\PBMC_sqluo\PBMC_paper_package\PBMC\data_processed\fig2\CD82\CSV_H6_W6\CDS_coverage_ENSSSCG00000029521_20251005_182441_coverage.csv"	"35646"
"data_processed"	"D:\PBMC交接\PBMC_sqluo\PBMC_paper_package\PBMC\data_processed\fig2\CD82\CSV_H6_W6\CDS_coverage_ENSSSCG00000029521_20251005_182441_normalized_coverage.csv"	"D:\PBMC交接\PBMC_sqluo\PBMC_paper_package\PBMC\data_processed\fig2\CD82\CSV_H6_W6\CDS_coverage_ENSSSCG00000029521_20251005_182441_normalized_coverage.csv"	"56879"
"data_processed"	"D:\PBMC交接\PBMC_sqluo\PBMC_paper_package\PBMC\data_processed\fig2\CD82\CSV_H6_W6\CDS_coverage_ENSSSCG00000029521_20251005_182441_stats.csv"	"D:\PBMC交接\PBMC_sqluo\PBMC_paper_package\PBMC\data_processed\fig2\CD82\CSV_H6_W6\CDS_coverage_ENSSSCG00000029521_20251005_182441_stats.csv"	"594"
"data_processed"	"D:\PBMC交接\PBMC_sqluo\PBMC_paper_package\PBMC\data_processed\fig2\CD82\CSV_H6_W6\CDS_coverage_ENSSSCG00000029521_20251005_182441_summary.txt"	"D:\PBMC交接\PBMC_sqluo\PBMC_paper_package\PBMC\data_processed\fig2\CD82\CSV_H6_W6\CDS_coverage_ENSSSCG00000029521_20251005_182441_summary.txt"	"1034"
"data_processed"	"D:\PBMC交接\PBMC_sqluo\PBMC_paper_package\PBMC\data_processed\fig2\CD82\CSV_H6_W6\CDS_plot"	"D:\PBMC交接\PBMC_sqluo\PBMC_paper_package\PBMC\data_processed\fig2\CD82\CSV_H6_W6\CDS_plot"	"21162"
"data_processed"	"D:\PBMC交接\PBMC_sqluo\PBMC_paper_package\PBMC\data_processed\fig2\CD82\CSV_H7_W10\CDS_ENSSSCG00000029521_coverage.csv"	"D:\PBMC交接\PBMC_sqluo\PBMC_paper_package\PBMC\data_processed\fig2\CD82\CSV_H7_W10\CDS_ENSSSCG00000029521_coverage.csv"	"35630"
"data_processed"	"D:\PBMC交接\PBMC_sqluo\PBMC_paper_package\PBMC\data_processed\fig2\CD82\CSV_H7_W10\CDS_ENSSSCG00000029521_normalized_coverage.csv"	"D:\PBMC交接\PBMC_sqluo\PBMC_paper_package\PBMC\data_processed\fig2\CD82\CSV_H7_W10\CDS_ENSSSCG00000029521_normalized_coverage.csv"	"35603"
"data_processed"	"D:\PBMC交接\PBMC_sqluo\PBMC_paper_package\PBMC\data_processed\fig2\CD82\CSV_H7_W10\CDS_ENSSSCG00000029521_stats.csv"	"D:\PBMC交接\PBMC_sqluo\PBMC_paper_package\PBMC\data_processed\fig2\CD82\CSV_H7_W10\CDS_ENSSSCG00000029521_stats.csv"	"596"
"data_processed"	"D:\PBMC交接\PBMC_sqluo\PBMC_paper_package\PBMC\data_processed\fig2\CD82\CSV_H7_W10\CDS_ENSSSCG00000029521_summary.txt"	"D:\PBMC交接\PBMC_sqluo\PBMC_paper_package\PBMC\data_processed\fig2\CD82\CSV_H7_W10\CDS_ENSSSCG00000029521_summary.txt"	"2380"
"data_processed"	"D:\PBMC交接\PBMC_sqluo\PBMC_paper_package\PBMC\data_processed\fig2\CD82\CSV_H7_W10\CDS_plot"	"D:\PBMC交接\PBMC_sqluo\PBMC_paper_package\PBMC\data_processed\fig2\CD82\CSV_H7_W10\CDS_plot"	"21653"
"data_processed"	"D:\PBMC交接\PBMC_sqluo\PBMC_paper_package\PBMC\data_processed\fig2\fig2_translation_efficiency_changes.csv"	"D:\PBMC交接\PBMC_sqluo\PBMC_paper_package\PBMC\data_processed\fig2\fig2_translation_efficiency_changes.csv"	"333985"
"data_processed"	"D:\PBMC交接\PBMC_sqluo\PBMC_paper_package\PBMC\data_processed\fig2\fig2a_go_barplot.xlsx"	"D:\PBMC交接\PBMC_sqluo\PBMC_paper_package\PBMC\data_processed\fig2\fig2a_go_barplot.xlsx"	"27842"
"data_processed"	"D:\PBMC交接\PBMC_sqluo\PBMC_paper_package\PBMC\data_processed\fig2\fig2a_ribo_diff（W vs H）.csv"	"D:\PBMC交接\PBMC_sqluo\PBMC_paper_package\PBMC\data_processed\fig2\fig2a_ribo_diff（W vs H）.csv"	"1330949"
"data_processed"	"D:\PBMC交接\PBMC_sqluo\PBMC_paper_package\PBMC\data_processed\fig2\fig2a_volcanol_plot.pdf.csv"	"D:\PBMC交接\PBMC_sqluo\PBMC_paper_package\PBMC\data_processed\fig2\fig2a_volcanol_plot.pdf.csv"	"1622727"
"data_processed"	"D:\PBMC交接\PBMC_sqluo\PBMC_paper_package\PBMC\data_processed\fig2\fig2b_boxplot_alltrans.xlsx"	"D:\PBMC交接\PBMC_sqluo\PBMC_paper_package\PBMC\data_processed\fig2\fig2b_boxplot_alltrans.xlsx"	"1185532"
"data_processed"	"D:\PBMC交接\PBMC_sqluo\PBMC_paper_package\PBMC\data_processed\fig2\fig2c_correlation_H_W_rna_ribo_PBMC"	"D:\PBMC交接\PBMC_sqluo\PBMC_paper_package\PBMC\data_processed\fig2\fig2c_correlation_H_W_rna_ribo_PBMC"	"541988"
"data_processed"	"D:\PBMC交接\PBMC_sqluo\PBMC_paper_package\PBMC\data_processed\fig2\fig2c_ribo_PBMC_rpkm.csv"	"D:\PBMC交接\PBMC_sqluo\PBMC_paper_package\PBMC\data_processed\fig2\fig2c_ribo_PBMC_rpkm.csv"	"872954"
"data_processed"	"D:\PBMC交接\PBMC_sqluo\PBMC_paper_package\PBMC\data_processed\fig2\fig2c_RNA_PBMC_rpkm.csv"	"D:\PBMC交接\PBMC_sqluo\PBMC_paper_package\PBMC\data_processed\fig2\fig2c_RNA_PBMC_rpkm.csv"	"2028509"
"data_processed"	"D:\PBMC交接\PBMC_sqluo\PBMC_paper_package\PBMC\data_processed\fig2\fig2c_translation_efficiency_changes_with_gene_info.csv"	"D:\PBMC交接\PBMC_sqluo\PBMC_paper_package\PBMC\data_processed\fig2\fig2c_translation_efficiency_changes_with_gene_info.csv"	"818801"
"data_processed"	"D:\PBMC交接\PBMC_sqluo\PBMC_paper_package\PBMC\data_processed\fig2\fig2d_venn.xlsx"	"D:\PBMC交接\PBMC_sqluo\PBMC_paper_package\PBMC\data_processed\fig2\fig2d_venn.xlsx"	"17932"
"data_processed"	"D:\PBMC交接\PBMC_sqluo\PBMC_paper_package\PBMC\data_processed\fig2\fig2d_venn_de_in.xlsx"	"D:\PBMC交接\PBMC_sqluo\PBMC_paper_package\PBMC\data_processed\fig2\fig2d_venn_de_in.xlsx"	"9259"
"data_processed"	"D:\PBMC交接\PBMC_sqluo\PBMC_paper_package\PBMC\data_processed\fig2\fig2d_venn_intersection.xlsx"	"D:\PBMC交接\PBMC_sqluo\PBMC_paper_package\PBMC\data_processed\fig2\fig2d_venn_intersection.xlsx"	"3389"
"data_processed"	"D:\PBMC交接\PBMC_sqluo\PBMC_paper_package\PBMC\data_processed\fig2\fig2e.xlsx"	"D:\PBMC交接\PBMC_sqluo\PBMC_paper_package\PBMC\data_processed\fig2\fig2e.xlsx"	"11078"
"data_processed"	"D:\PBMC交接\PBMC_sqluo\PBMC_paper_package\PBMC\data_processed\fig2\fig2f.xlsx"	"D:\PBMC交接\PBMC_sqluo\PBMC_paper_package\PBMC\data_processed\fig2\fig2f.xlsx"	"10103"
"data_processed"	"D:\PBMC交接\PBMC_sqluo\PBMC_paper_package\PBMC\data_processed\fig2\fig2f_selected_genes_data_byH.csv"	"D:\PBMC交接\PBMC_sqluo\PBMC_paper_package\PBMC\data_processed\fig2\fig2f_selected_genes_data_byH.csv"	"395"
"data_processed"	"D:\PBMC交接\PBMC_sqluo\PBMC_paper_package\PBMC\data_processed\fig2\fig2g.xlsx"	"D:\PBMC交接\PBMC_sqluo\PBMC_paper_package\PBMC\data_processed\fig2\fig2g.xlsx"	"9867"
"data_processed"	"D:\PBMC交接\PBMC_sqluo\PBMC_paper_package\PBMC\data_processed\fig2\fig2I_Ribo_byH_CCL25.csv"	"D:\PBMC交接\PBMC_sqluo\PBMC_paper_package\PBMC\data_processed\fig2\fig2I_Ribo_byH_CCL25.csv"	"72598"
"data_processed"	"D:\PBMC交接\PBMC_sqluo\PBMC_paper_package\PBMC\data_processed\fig2\fig2I_Ribo_byH_CD82.csv"	"D:\PBMC交接\PBMC_sqluo\PBMC_paper_package\PBMC\data_processed\fig2\fig2I_Ribo_byH_CD82.csv"	"218114"
"data_processed"	"D:\PBMC交接\PBMC_sqluo\PBMC_paper_package\PBMC\data_processed\fig2\fig2I_Ribo_byH_TNFSF13.csv"	"D:\PBMC交接\PBMC_sqluo\PBMC_paper_package\PBMC\data_processed\fig2\fig2I_Ribo_byH_TNFSF13.csv"	"175104"
"data_processed"	"D:\PBMC交接\PBMC_sqluo\PBMC_paper_package\PBMC\data_processed\fig2\TNFSF13\CDS_ENSSSCG00000013593_coverage_avg.csv"	"D:\PBMC交接\PBMC_sqluo\PBMC_paper_package\PBMC\data_processed\fig2\TNFSF13\CDS_ENSSSCG00000013593_coverage_avg.csv"	"29537"
"data_processed"	"D:\PBMC交接\PBMC_sqluo\PBMC_paper_package\PBMC\data_processed\fig2\TNFSF13\CSV_H6_W6\CDS_ENSSSCG00000036521_coverage.csv"	"D:\PBMC交接\PBMC_sqluo\PBMC_paper_package\PBMC\data_processed\fig2\TNFSF13\CSV_H6_W6\CDS_ENSSSCG00000036521_coverage.csv"	"28519"
"data_processed"	"D:\PBMC交接\PBMC_sqluo\PBMC_paper_package\PBMC\data_processed\fig2\TNFSF13\CSV_H6_W6\CDS_ENSSSCG00000036521_normalized_coverage.csv"	"D:\PBMC交接\PBMC_sqluo\PBMC_paper_package\PBMC\data_processed\fig2\TNFSF13\CSV_H6_W6\CDS_ENSSSCG00000036521_normalized_coverage.csv"	"28519"
"data_processed"	"D:\PBMC交接\PBMC_sqluo\PBMC_paper_package\PBMC\data_processed\fig2\TNFSF13\CSV_H6_W6\CDS_ENSSSCG00000036521_stats.csv"	"D:\PBMC交接\PBMC_sqluo\PBMC_paper_package\PBMC\data_processed\fig2\TNFSF13\CSV_H6_W6\CDS_ENSSSCG00000036521_stats.csv"	"617"
"data_processed"	"D:\PBMC交接\PBMC_sqluo\PBMC_paper_package\PBMC\data_processed\fig2\TNFSF13\CSV_H6_W6\CDS_ENSSSCG00000036521_summary.txt"	"D:\PBMC交接\PBMC_sqluo\PBMC_paper_package\PBMC\data_processed\fig2\TNFSF13\CSV_H6_W6\CDS_ENSSSCG00000036521_summary.txt"	"2410"
"data_processed"	"D:\PBMC交接\PBMC_sqluo\PBMC_paper_package\PBMC\data_processed\fig2\TNFSF13\CSV_H6_W6\CDS_plot"	"D:\PBMC交接\PBMC_sqluo\PBMC_paper_package\PBMC\data_processed\fig2\TNFSF13\CSV_H6_W6\CDS_plot"	"20431"
"data_processed"	"D:\PBMC交接\PBMC_sqluo\PBMC_paper_package\PBMC\data_processed\fig2\TNFSF13\CSV_H7_W10\CDS_ENSSSCG00000036521_coverage.csv"	"D:\PBMC交接\PBMC_sqluo\PBMC_paper_package\PBMC\data_processed\fig2\TNFSF13\CSV_H7_W10\CDS_ENSSSCG00000036521_coverage.csv"	"28519"
"data_processed"	"D:\PBMC交接\PBMC_sqluo\PBMC_paper_package\PBMC\data_processed\fig2\TNFSF13\CSV_H7_W10\CDS_ENSSSCG00000036521_normalized_coverage.csv"	"D:\PBMC交接\PBMC_sqluo\PBMC_paper_package\PBMC\data_processed\fig2\TNFSF13\CSV_H7_W10\CDS_ENSSSCG00000036521_normalized_coverage.csv"	"28519"
"data_processed"	"D:\PBMC交接\PBMC_sqluo\PBMC_paper_package\PBMC\data_processed\fig2\TNFSF13\CSV_H7_W10\CDS_ENSSSCG00000036521_stats.csv"	"D:\PBMC交接\PBMC_sqluo\PBMC_paper_package\PBMC\data_processed\fig2\TNFSF13\CSV_H7_W10\CDS_ENSSSCG00000036521_stats.csv"	"617"
"data_processed"	"D:\PBMC交接\PBMC_sqluo\PBMC_paper_package\PBMC\data_processed\fig2\TNFSF13\CSV_H7_W10\CDS_ENSSSCG00000036521_summary.txt"	"D:\PBMC交接\PBMC_sqluo\PBMC_paper_package\PBMC\data_processed\fig2\TNFSF13\CSV_H7_W10\CDS_ENSSSCG00000036521_summary.txt"	"2410"
"data_processed"	"D:\PBMC交接\PBMC_sqluo\PBMC_paper_package\PBMC\data_processed\fig2\TNFSF13\CSV_H7_W10\CDS_plot"	"D:\PBMC交接\PBMC_sqluo\PBMC_paper_package\PBMC\data_processed\fig2\TNFSF13\CSV_H7_W10\CDS_plot"	"19769"
"data_processed"	"D:\PBMC交接\PBMC_sqluo\PBMC_paper_package\PBMC\data_processed\fig3\fig3_correlation_PBMC_diff.xlsx"	"D:\PBMC交接\PBMC_sqluo\PBMC_paper_package\PBMC\data_processed\fig3\fig3_correlation_PBMC_diff.xlsx"	"4272956"
"data_processed"	"D:\PBMC交接\PBMC_sqluo\PBMC_paper_package\PBMC\data_processed\fig3\fig3cd_PBMC_GC3_CAI.xlsx"	"D:\PBMC交接\PBMC_sqluo\PBMC_paper_package\PBMC\data_processed\fig3\fig3cd_PBMC_GC3_CAI.xlsx"	"26957"
"data_processed"	"D:\PBMC交接\PBMC_sqluo\PBMC_paper_package\PBMC\data_processed\fig3\fig3ef_PBMC_barplot.xlsx"	"D:\PBMC交接\PBMC_sqluo\PBMC_paper_package\PBMC\data_processed\fig3\fig3ef_PBMC_barplot.xlsx"	"13508"
"data_processed"	"D:\PBMC交接\PBMC_sqluo\PBMC_paper_package\PBMC\data_processed\fig4\fig4F_ASV_绝对丰度.xlsx"	"D:\PBMC交接\PBMC_sqluo\PBMC_paper_package\PBMC\data_processed\fig4\fig4F_ASV_绝对丰度.xlsx"	"14223"
"data_processed"	"D:\PBMC交接\PBMC_sqluo\PBMC_paper_package\PBMC\data_processed\fig4\fig4F_ASV_相对丰度.xlsx"	"D:\PBMC交接\PBMC_sqluo\PBMC_paper_package\PBMC\data_processed\fig4\fig4F_ASV_相对丰度.xlsx"	"17317"
"data_processed"	"D:\PBMC交接\PBMC_sqluo\PBMC_paper_package\PBMC\data_processed\fig4\fig4F_CaeC_transposed.xlsx"	"D:\PBMC交接\PBMC_sqluo\PBMC_paper_package\PBMC\data_processed\fig4\fig4F_CaeC_transposed.xlsx"	"22889"
"data_processed"	"D:\PBMC交接\PBMC_sqluo\PBMC_paper_package\PBMC\data_processed\fig4\fig4F_CaeC数据_完整分析.xlsx"	"D:\PBMC交接\PBMC_sqluo\PBMC_paper_package\PBMC\data_processed\fig4\fig4F_CaeC数据_完整分析.xlsx"	"21696"
"data_processed"	"D:\PBMC交接\PBMC_sqluo\PBMC_paper_package\PBMC\data_processed\fig4\fig4F_selected_genes_TE_transposed.csv"	"D:\PBMC交接\PBMC_sqluo\PBMC_paper_package\PBMC\data_processed\fig4\fig4F_selected_genes_TE_transposed.csv"	"340"
"data_processed"	"D:\PBMC交接\PBMC_sqluo\PBMC_paper_package\PBMC\data_processed\fig4\fig4F_translation_efficiency_auto_long.csv"	"D:\PBMC交接\PBMC_sqluo\PBMC_paper_package\PBMC\data_processed\fig4\fig4F_translation_efficiency_auto_long.csv"	"9742584"
"data_processed"	"D:\PBMC交接\PBMC_sqluo\PBMC_paper_package\PBMC\data_processed\fig4\fig4F_translation_efficiency_auto_wide.csv"	"D:\PBMC交接\PBMC_sqluo\PBMC_paper_package\PBMC\data_processed\fig4\fig4F_translation_efficiency_auto_wide.csv"	"908937"
"data_processed"	"D:\PBMC交接\PBMC_sqluo\PBMC_paper_package\PBMC\data_processed\fig4\fig4F_舒琦_副本各肠段ASV-all.xlsx"	"D:\PBMC交接\PBMC_sqluo\PBMC_paper_package\PBMC\data_processed\fig4\fig4F_舒琦_副本各肠段ASV-all.xlsx"	"20181530"
"data_processed"	"D:\PBMC交接\PBMC_sqluo\PBMC_paper_package\PBMC\data_processed\fig5\CDS_Coverage_ENSSSCG00000007116_20260416_143632\CDS_ENSSSCG00000007116_coverage.csv"	"D:\PBMC交接\PBMC_sqluo\PBMC_paper_package\PBMC\data_processed\fig5\CDS_Coverage_ENSSSCG00000007116_20260416_143632\CDS_ENSSSCG00000007116_coverage.csv"	"75876"
"data_processed"	"D:\PBMC交接\PBMC_sqluo\PBMC_paper_package\PBMC\data_processed\fig5\CDS_Coverage_ENSSSCG00000007116_20260416_143632\CDS_ENSSSCG00000007116_normalized_coverage.csv"	"D:\PBMC交接\PBMC_sqluo\PBMC_paper_package\PBMC\data_processed\fig5\CDS_Coverage_ENSSSCG00000007116_20260416_143632\CDS_ENSSSCG00000007116_normalized_coverage.csv"	"86423"
"data_processed"	"D:\PBMC交接\PBMC_sqluo\PBMC_paper_package\PBMC\data_processed\fig5\CDS_Coverage_ENSSSCG00000007116_20260416_143632\CDS_ENSSSCG00000007116_stats.csv"	"D:\PBMC交接\PBMC_sqluo\PBMC_paper_package\PBMC\data_processed\fig5\CDS_Coverage_ENSSSCG00000007116_20260416_143632\CDS_ENSSSCG00000007116_stats.csv"	"606"
"data_processed"	"D:\PBMC交接\PBMC_sqluo\PBMC_paper_package\PBMC\data_processed\fig5\CDS_Coverage_ENSSSCG00000007116_20260416_143632\CDS_ENSSSCG00000007116_summary.txt"	"D:\PBMC交接\PBMC_sqluo\PBMC_paper_package\PBMC\data_processed\fig5\CDS_Coverage_ENSSSCG00000007116_20260416_143632\CDS_ENSSSCG00000007116_summary.txt"	"2385"
"data_processed"	"D:\PBMC交接\PBMC_sqluo\PBMC_paper_package\PBMC\data_processed\fig5\fig5_asv_correlation_jum_codon.xlsx"	"D:\PBMC交接\PBMC_sqluo\PBMC_paper_package\PBMC\data_processed\fig5\fig5_asv_correlation_jum_codon.xlsx"	"80463"
"data_processed"	"D:\PBMC交接\PBMC_sqluo\PBMC_paper_package\PBMC\data_processed\fig5\fig5c_average_heatmap.csv"	"D:\PBMC交接\PBMC_sqluo\PBMC_paper_package\PBMC\data_processed\fig5\fig5c_average_heatmap.csv"	"1808"
"data_processed"	"D:\PBMC交接\PBMC_sqluo\PBMC_paper_package\PBMC\data_processed\fig5\fig5de.xlsx"	"D:\PBMC交接\PBMC_sqluo\PBMC_paper_package\PBMC\data_processed\fig5\fig5de.xlsx"	"11256"
"data_processed"	"D:\PBMC交接\PBMC_sqluo\PBMC_paper_package\PBMC\data_processed\fig5\fig5de_from_fig3_boxplot_stats.csv"	"D:\PBMC交接\PBMC_sqluo\PBMC_paper_package\PBMC\data_processed\fig5\fig5de_from_fig3_boxplot_stats.csv"	"118"
"data_processed"	"D:\PBMC交接\PBMC_sqluo\PBMC_paper_package\PBMC\data_processed\fig5\fig5de_GC3_CAI_significance_stats.csv"	"D:\PBMC交接\PBMC_sqluo\PBMC_paper_package\PBMC\data_processed\fig5\fig5de_GC3_CAI_significance_stats.csv"	"117"
"data_processed"	"D:\PBMC交接\PBMC_sqluo\PBMC_paper_package\PBMC\data_processed\fig5\fig5f_results_right.xlsx"	"D:\PBMC交接\PBMC_sqluo\PBMC_paper_package\PBMC\data_processed\fig5\fig5f_results_right.xlsx"	"187073"
"data_processed"	"D:\PBMC交接\PBMC_sqluo\PBMC_paper_package\PBMC\data_processed\fig6\all菌（new）.xlsx"	"D:\PBMC交接\PBMC_sqluo\PBMC_paper_package\PBMC\data_processed\fig6\all菌（new）.xlsx"	"46481"
"data_processed"	"D:\PBMC交接\PBMC_sqluo\PBMC_paper_package\PBMC\data_processed\fig6\arg.xlsx"	"D:\PBMC交接\PBMC_sqluo\PBMC_paper_package\PBMC\data_processed\fig6\arg.xlsx"	"33500"
"data_processed"	"D:\PBMC交接\PBMC_sqluo\PBMC_paper_package\PBMC\data_processed\fig6\BA.csv"	"D:\PBMC交接\PBMC_sqluo\PBMC_paper_package\PBMC\data_processed\fig6\BA.csv"	"636"
"data_processed"	"D:\PBMC交接\PBMC_sqluo\PBMC_paper_package\PBMC\data_processed\fig6\ENV.csv"	"D:\PBMC交接\PBMC_sqluo\PBMC_paper_package\PBMC\data_processed\fig6\ENV.csv"	"1302"
"data_processed"	"D:\PBMC交接\PBMC_sqluo\PBMC_paper_package\PBMC\data_processed\fig6\fig6_mean_new_CE_all_PBMC_2_advantage.xlsx"	"D:\PBMC交接\PBMC_sqluo\PBMC_paper_package\PBMC\data_processed\fig6\fig6_mean_new_CE_all_PBMC_2_advantage.xlsx"	"880656"
"data_processed"	"D:\PBMC交接\PBMC_sqluo\PBMC_paper_package\PBMC\data_processed\fig6\fig6D_Glu(3.0).xlsx"	"D:\PBMC交接\PBMC_sqluo\PBMC_paper_package\PBMC\data_processed\fig6\fig6D_Glu(3.0).xlsx"	"11768"
"data_processed"	"D:\PBMC交接\PBMC_sqluo\PBMC_paper_package\PBMC\data_processed\fig6\fig6D_Lys(new).xlsx"	"D:\PBMC交接\PBMC_sqluo\PBMC_paper_package\PBMC\data_processed\fig6\fig6D_Lys(new).xlsx"	"10595"
"data_processed"	"D:\PBMC交接\PBMC_sqluo\PBMC_paper_package\PBMC\data_processed\fig6\fig6D_updated_complete_bacteria_mapping.csv"	"D:\PBMC交接\PBMC_sqluo\PBMC_paper_package\PBMC\data_processed\fig6\fig6D_updated_complete_bacteria_mapping.csv"	"1838"
"data_processed"	"D:\PBMC交接\PBMC_sqluo\PBMC_paper_package\PBMC\data_processed\fig6\fig6D_Val(new).xlsx"	"D:\PBMC交接\PBMC_sqluo\PBMC_paper_package\PBMC\data_processed\fig6\fig6D_Val(new).xlsx"	"12716"
"data_processed"	"D:\PBMC交接\PBMC_sqluo\PBMC_paper_package\PBMC\data_processed\fig6\fig6D_菌名projection.xlsx"	"D:\PBMC交接\PBMC_sqluo\PBMC_paper_package\PBMC\data_processed\fig6\fig6D_菌名projection.xlsx"	"629036"
"data_processed"	"D:\PBMC交接\PBMC_sqluo\PBMC_paper_package\PBMC\data_processed\fig6\gene_counts_matrix.csv"	"D:\PBMC交接\PBMC_sqluo\PBMC_paper_package\PBMC\data_processed\fig6\gene_counts_matrix.csv"	"875770"
"data_processed"	"D:\PBMC交接\PBMC_sqluo\PBMC_paper_package\PBMC\data_processed\fig6\healthy_vs_weaning_statistical_results.csv"	"D:\PBMC交接\PBMC_sqluo\PBMC_paper_package\PBMC\data_processed\fig6\healthy_vs_weaning_statistical_results.csv"	"812"
"data_processed"	"D:\PBMC交接\PBMC_sqluo\PBMC_paper_package\PBMC\data_processed\fig6\volcanol_plot.pdf.csv"	"D:\PBMC交接\PBMC_sqluo\PBMC_paper_package\PBMC\data_processed\fig6\volcanol_plot.pdf.csv"	"1622727"
"data_raw"	"D:\PBMC交接\PBMC_sqluo\PBMC_paper_package\PBMC\data_raw\checksums\md5_raw.txt"	"D:\PBMC交接\PBMC_sqluo\PBMC_paper_package\PBMC\data_raw\checksums\md5_raw.txt"	"5626"
"data_raw"	"D:\PBMC交接\PBMC_sqluo\PBMC_paper_package\PBMC\data_raw\fig2\fig2a_rpkm_ribo_H6_PBMC.bam"	"D:\PBMC交接\PBMC_sqluo\PBMC_paper_package\PBMC\data_raw\fig2\fig2a_rpkm_ribo_H6_PBMC.bam"	"964396"
"data_raw"	"D:\PBMC交接\PBMC_sqluo\PBMC_paper_package\PBMC\data_raw\fig2\fig2a_rpkm_ribo_H7_PBMC.bam"	"D:\PBMC交接\PBMC_sqluo\PBMC_paper_package\PBMC\data_raw\fig2\fig2a_rpkm_ribo_H7_PBMC.bam"	"1037088"
"data_raw"	"D:\PBMC交接\PBMC_sqluo\PBMC_paper_package\PBMC\data_raw\fig2\fig2a_rpkm_ribo_W10_PBMC.bam"	"D:\PBMC交接\PBMC_sqluo\PBMC_paper_package\PBMC\data_raw\fig2\fig2a_rpkm_ribo_W10_PBMC.bam"	"751092"
"data_raw"	"D:\PBMC交接\PBMC_sqluo\PBMC_paper_package\PBMC\data_raw\fig2\fig2a_rpkm_ribo_W6_PBMC.bam"	"D:\PBMC交接\PBMC_sqluo\PBMC_paper_package\PBMC\data_raw\fig2\fig2a_rpkm_ribo_W6_PBMC.bam"	"817879"
"env"	"D:\PBMC交接\PBMC_sqluo\PBMC_paper_package\PBMC\env\sessionInfo.txt"	"D:\PBMC交接\PBMC_sqluo\PBMC_paper_package\PBMC\env\sessionInfo.txt"	"39"
"metadata"	"D:\PBMC交接\PBMC_sqluo\PBMC_paper_package\PBMC\metadata\group_info.csv"	"D:\PBMC交接\PBMC_sqluo\PBMC_paper_package\PBMC\metadata\group_info.csv"	"20"
"metadata"	"D:\PBMC交接\PBMC_sqluo\PBMC_paper_package\PBMC\metadata\sample_sheet.csv"	"D:\PBMC交接\PBMC_sqluo\PBMC_paper_package\PBMC\metadata\sample_sheet.csv"	"50"
"scripts"	"D:\PBMC交接\PBMC_sqluo\PBMC_paper_package\PBMC\scripts\fig1\.Rhistory"	"D:\PBMC交接\PBMC_sqluo\PBMC_paper_package\PBMC\scripts\fig1\.Rhistory"	"0"
"scripts"	"D:\PBMC交接\PBMC_sqluo\PBMC_paper_package\PBMC\scripts\fig1\fig1b_scripts.R"	"D:\PBMC交接\PBMC_sqluo\PBMC_paper_package\PBMC\scripts\fig1\fig1b_scripts.R"	"2413"
"scripts"	"D:\PBMC交接\PBMC_sqluo\PBMC_paper_package\PBMC\scripts\fig1\fig1c_rpkm_limma_volcano.R"	"D:\PBMC交接\PBMC_sqluo\PBMC_paper_package\PBMC\scripts\fig1\fig1c_rpkm_limma_volcano.R"	"2349"
"scripts"	"D:\PBMC交接\PBMC_sqluo\PBMC_paper_package\PBMC\scripts\fig1\fig1c_rpkm_new.R"	"D:\PBMC交接\PBMC_sqluo\PBMC_paper_package\PBMC\scripts\fig1\fig1c_rpkm_new.R"	"2176"
"scripts"	"D:\PBMC交接\PBMC_sqluo\PBMC_paper_package\PBMC\scripts\fig1\fig1d_barplot.R"	"D:\PBMC交接\PBMC_sqluo\PBMC_paper_package\PBMC\scripts\fig1\fig1d_barplot.R"	"2500"
"scripts"	"D:\PBMC交接\PBMC_sqluo\PBMC_paper_package\PBMC\scripts\fig1\fig1d_heatmap_with_cluster.R"	"D:\PBMC交接\PBMC_sqluo\PBMC_paper_package\PBMC\scripts\fig1\fig1d_heatmap_with_cluster.R"	"1815"
"scripts"	"D:\PBMC交接\PBMC_sqluo\PBMC_paper_package\PBMC\scripts\fig1\fig1f_piglet_diarrhoea_corr.R"	"D:\PBMC交接\PBMC_sqluo\PBMC_paper_package\PBMC\scripts\fig1\fig1f_piglet_diarrhoea_corr.R"	"1498"
"scripts"	"D:\PBMC交接\PBMC_sqluo\PBMC_paper_package\PBMC\scripts\fig1\RNAseq数据前处理\前处理_ComBat_new.R"	"D:\PBMC交接\PBMC_sqluo\PBMC_paper_package\PBMC\scripts\fig1\RNAseq数据前处理\前处理_ComBat_new.R"	"3464"
"scripts"	"D:\PBMC交接\PBMC_sqluo\PBMC_paper_package\PBMC\scripts\fig2\CDS_coverage_analysis_byH.R"	"D:\PBMC交接\PBMC_sqluo\PBMC_paper_package\PBMC\scripts\fig2\CDS_coverage_analysis_byH.R"	"6519"
"scripts"	"D:\PBMC交接\PBMC_sqluo\PBMC_paper_package\PBMC\scripts\fig2\CDS_coverage_average_byH.R"	"D:\PBMC交接\PBMC_sqluo\PBMC_paper_package\PBMC\scripts\fig2\CDS_coverage_average_byH.R"	"1115"
"scripts"	"D:\PBMC交接\PBMC_sqluo\PBMC_paper_package\PBMC\scripts\fig2\COR.R"	"D:\PBMC交接\PBMC_sqluo\PBMC_paper_package\PBMC\scripts\fig2\COR.R"	"2330"
"scripts"	"D:\PBMC交接\PBMC_sqluo\PBMC_paper_package\PBMC\scripts\fig2\fig2a_gene_differential.pl"	"D:\PBMC交接\PBMC_sqluo\PBMC_paper_package\PBMC\scripts\fig2\fig2a_gene_differential.pl"	"2247"
"scripts"	"D:\PBMC交接\PBMC_sqluo\PBMC_paper_package\PBMC\scripts\fig2\fig2c_TE.R"	"D:\PBMC交接\PBMC_sqluo\PBMC_paper_package\PBMC\scripts\fig2\fig2c_TE.R"	"2275"
"scripts"	"D:\PBMC交接\PBMC_sqluo\PBMC_paper_package\PBMC\scripts\fig2\fig2c_TE_geneinfo_byH.R"	"D:\PBMC交接\PBMC_sqluo\PBMC_paper_package\PBMC\scripts\fig2\fig2c_TE_geneinfo_byH.R"	"4642"
"scripts"	"D:\PBMC交接\PBMC_sqluo\PBMC_paper_package\PBMC\scripts\fig2\fig2d_venn.R"	"D:\PBMC交接\PBMC_sqluo\PBMC_paper_package\PBMC\scripts\fig2\fig2d_venn.R"	"1348"
"scripts"	"D:\PBMC交接\PBMC_sqluo\PBMC_paper_package\PBMC\scripts\fig2\fig2f.R"	"D:\PBMC交接\PBMC_sqluo\PBMC_paper_package\PBMC\scripts\fig2\fig2f.R"	"1378"
"scripts"	"D:\PBMC交接\PBMC_sqluo\PBMC_paper_package\PBMC\scripts\fig2\fig2f_gene_select.ipynb"	"D:\PBMC交接\PBMC_sqluo\PBMC_paper_package\PBMC\scripts\fig2\fig2f_gene_select.ipynb"	"14363"
"scripts"	"D:\PBMC交接\PBMC_sqluo\PBMC_paper_package\PBMC\scripts\fig2\fig2h_3d_reads.R"	"D:\PBMC交接\PBMC_sqluo\PBMC_paper_package\PBMC\scripts\fig2\fig2h_3d_reads.R"	"1399"
"scripts"	"D:\PBMC交接\PBMC_sqluo\PBMC_paper_package\PBMC\scripts\fig2\fig2h_byH.R"	"D:\PBMC交接\PBMC_sqluo\PBMC_paper_package\PBMC\scripts\fig2\fig2h_byH.R"	"3944"
"scripts"	"D:\PBMC交接\PBMC_sqluo\PBMC_paper_package\PBMC\scripts\fig2\fig2I_3d_byH.R"	"D:\PBMC交接\PBMC_sqluo\PBMC_paper_package\PBMC\scripts\fig2\fig2I_3d_byH.R"	"2496"
"scripts"	"D:\PBMC交接\PBMC_sqluo\PBMC_paper_package\PBMC\scripts\fig2\fig4F_calculate_TE_auto.R"	"D:\PBMC交接\PBMC_sqluo\PBMC_paper_package\PBMC\scripts\fig2\fig4F_calculate_TE_auto.R"	"5458"
"scripts"	"D:\PBMC交接\PBMC_sqluo\PBMC_paper_package\PBMC\scripts\fig2\fig4F_GENE_ASV_COR.R"	"D:\PBMC交接\PBMC_sqluo\PBMC_paper_package\PBMC\scripts\fig2\fig4F_GENE_ASV_COR.R"	"3776"
"scripts"	"D:\PBMC交接\PBMC_sqluo\PBMC_paper_package\PBMC\scripts\fig2\fig4F_提取特定ASV.R"	"D:\PBMC交接\PBMC_sqluo\PBMC_paper_package\PBMC\scripts\fig2\fig4F_提取特定ASV.R"	"5713"
"scripts"	"D:\PBMC交接\PBMC_sqluo\PBMC_paper_package\PBMC\scripts\fig2\fig4F_提取特定基因TE.R"	"D:\PBMC交接\PBMC_sqluo\PBMC_paper_package\PBMC\scripts\fig2\fig4F_提取特定基因TE.R"	"1557"
"scripts"	"D:\PBMC交接\PBMC_sqluo\PBMC_paper_package\PBMC\scripts\fig2\fig6D_heatmap(5.0).R"	"D:\PBMC交接\PBMC_sqluo\PBMC_paper_package\PBMC\scripts\fig2\fig6D_heatmap(5.0).R"	"9091"
"scripts"	"D:\PBMC交接\PBMC_sqluo\PBMC_paper_package\PBMC\scripts\fig2\fig6D_standerdize_table_byH.R"	"D:\PBMC交接\PBMC_sqluo\PBMC_paper_package\PBMC\scripts\fig2\fig6D_standerdize_table_byH.R"	"1626"
"scripts"	"D:\PBMC交接\PBMC_sqluo\PBMC_paper_package\PBMC\scripts\fig2\fig6D_菌名提取.R"	"D:\PBMC交接\PBMC_sqluo\PBMC_paper_package\PBMC\scripts\fig2\fig6D_菌名提取.R"	"10365"
"scripts"	"D:\PBMC交接\PBMC_sqluo\PBMC_paper_package\PBMC\scripts\fig3\fig3ab.R"	"D:\PBMC交接\PBMC_sqluo\PBMC_paper_package\PBMC\scripts\fig3\fig3ab.R"	"1707"
"scripts"	"D:\PBMC交接\PBMC_sqluo\PBMC_paper_package\PBMC\scripts\fig3\fig3ef_PBMC_bar_box.R"	"D:\PBMC交接\PBMC_sqluo\PBMC_paper_package\PBMC\scripts\fig3\fig3ef_PBMC_bar_box.R"	"4642"
"scripts"	"D:\PBMC交接\PBMC_sqluo\PBMC_paper_package\PBMC\scripts\fig5\fig5_correlation_jum_codon.R"	"D:\PBMC交接\PBMC_sqluo\PBMC_paper_package\PBMC\scripts\fig5\fig5_correlation_jum_codon.R"	"9126"
"scripts"	"D:\PBMC交接\PBMC_sqluo\PBMC_paper_package\PBMC\scripts\fig5\fig5c_average_heatmap.R"	"D:\PBMC交接\PBMC_sqluo\PBMC_paper_package\PBMC\scripts\fig5\fig5c_average_heatmap.R"	"2998"
"scripts"	"D:\PBMC交接\PBMC_sqluo\PBMC_paper_package\PBMC\scripts\fig5\fig5c_average_heatmap_plus.R"	"D:\PBMC交接\PBMC_sqluo\PBMC_paper_package\PBMC\scripts\fig5\fig5c_average_heatmap_plus.R"	"3046"
"scripts"	"D:\PBMC交接\PBMC_sqluo\PBMC_paper_package\PBMC\scripts\fig5\fig5de_from_fig3_boxplot.R"	"D:\PBMC交接\PBMC_sqluo\PBMC_paper_package\PBMC\scripts\fig5\fig5de_from_fig3_boxplot.R"	"4447"
"scripts"	"D:\PBMC交接\PBMC_sqluo\PBMC_paper_package\PBMC\scripts\fig5\fig5f_enc_coa_pearson.R"	"D:\PBMC交接\PBMC_sqluo\PBMC_paper_package\PBMC\scripts\fig5\fig5f_enc_coa_pearson.R"	"6658"
